DatasetName,MonitoringLocationID,MonitoringLocationName,MonitoringLocationLatitude,MonitoringLocationLongitude,MonitoringLocationHorizontalCoordinateReferenceSystem,MonitoringLocationHorizontalAccuracyMeasure,MonitoringLocationHorizontalAccuracyUnit,MonitoringLocationVerticalMeasure,MonitoringLocationVerticalUnit,MonitoringLocationType,ActivityType,ActivityMediaName,ActivityStartDate,ActivityStartTime,ActivityEndDate,ActivityEndTime,ActivityDepthHeightMeasure,ActivityDepthHeightUnit,SampleCollectionEquipmentName,CharacteristicName,MethodSpeciation,ResultSampleFraction,ResultValue,ResultUnit,ResultValueType,ResultDetectionCondition,ResultDetectionQuantitationLimitMeasure,ResultDetectionQuantitationLimitUnit,ResultDetectionQuantitationLimitType,ResultStatusID,ResultComment,ResultAnalyticalMethodID,ResultAnalyticalMethodContext,ResultAnalyticalMethodName,AnalysisStartDate,AnalysisStartTime,AnalysisStartTimeZone,LaboratoryName,LaboratorySampleID
2022 water quality data collected for CIMP197,16,CIMP2021-46,68.793589,-133.540711,WGS84,,,,,Lake/Pond,Sample-Routine,Surface Water,2021-07-30,,,,,,Water Bottle,Calcium,,Total,9.45,mg/L,Actual,,,,,,,EPA200.2,USEPA,,,,,Taiga Labs,
2022 water quality data collected for CIMP197,16,CIMP2021-46,68.793589,-133.540711,WGS84,,,,,Lake/Pond,Field Msr/Obs,Surface Water,2021-07-30,,,,,,Probe/Sensor,"Chlorophyll a, pheophytin correction unspecified",,,9.49,ug/L,Estimated,,,,,,,,,,,,,,
2022 water quality data collected for CIMP197,16,CIMP2021-46,68.793589,-133.540711,WGS84,,,,,Lake/Pond,Field Msr/Obs,Surface Water,2021-07-30,,,,,,Probe/Sensor,Conductivity,,,83.1,uS/cm,Actual,,,,,,,,,,,,,,
2022 water quality data collected for CIMP197,16,CIMP2021-46,68.793589,-133.540711,WGS84,,,,,Lake/Pond,Field Msr/Obs,Surface Water,2021-07-30,,,,,,Probe/Sensor,Dissolved oxygen (DO),,,8.72,mg/L,Actual,,,,,,,,,,,,,,
2022 water quality data collected for CIMP197,16,CIMP2021-46,68.793589,-133.540711,WGS84,,,,,Lake/Pond,Sample-Routine,Surface Water,2021-07-30,,,,,,Water Bottle,Organic carbon,,Dissolved,22.5,mg/L,Actual,,,,,,,TEL.033,PROPRIETARY,,,,,Taiga Labs,
2022 water quality data collected for CIMP197,16,CIMP2021-46,68.793589,-133.540711,WGS84,,,,,Lake/Pond,Field Msr/Obs,Surface Water,2021-07-30,,,,,,Probe/Sensor,pH,,,7.12,None,Actual,,,,,,,,,,,,,,
2022 water quality data collected for CIMP197,16,CIMP2021-46,68.793589,-133.540711,WGS84,,,,,Lake/Pond,Field Msr/Obs,Surface Water,2021-07-30,,,,,,Probe/Sensor,"Temperature, water",,,16.15,deg C,Actual,,,,,,,,,,,,,,
2022 water quality data collected for CIMP197,16,CIMP2021-46,68.793589,-133.540711,WGS84,,,,,Lake/Pond,Field Msr/Obs,Surface Water,2021-07-30,,,,,,Probe/Sensor,Turbidity,,,3.35,NTU,Actual,,,,,,,,,,,,,,
2022 water quality data collected for CIMP197,7,CIMP2021-30,68.7930312,-133.5496966,WGS84,,,,,Lake/Pond,Sample-Routine,Surface Water,2021-07-30,,,,,,Water Bottle,Calcium,,Total,10.9,mg/L,Actual,,,,,,,EPA200.2,USEPA,,,,,Taiga Labs,
2022 water quality data collected for CIMP197,7,CIMP2021-30,68.7930312,-133.5496966,WGS84,,,,,Lake/Pond,Field Msr/Obs,Surface Water,2021-07-30,,,,,,Probe/Sensor,"Chlorophyll a, pheophytin correction unspecified",,,8.5,ug/L,Estimated,,,,,,,,,,,,,,
2022 water quality data collected for CIMP197,7,CIMP2021-30,68.7930312,-133.5496966,WGS84,,,,,Lake/Pond,Field Msr/Obs,Surface Water,2021-07-30,,,,,,Probe/Sensor,Conductivity,,,79.4,uS/cm,Actual,,,,,,,,,,,,,,
2022 water quality data collected for CIMP197,7,CIMP2021-30,68.7930312,-133.5496966,WGS84,,,,,Lake/Pond,Field Msr/Obs,Surface Water,2021-07-30,,,,,,Probe/Sensor,Dissolved oxygen (DO),,,9.63,mg/L,Actual,,,,,,,,,,,,,,
2022 water quality data collected for CIMP197,7,CIMP2021-30,68.7930312,-133.5496966,WGS84,,,,,Lake/Pond,Sample-Routine,Surface Water,2021-07-30,,,,,,Water Bottle,Organic carbon,,Dissolved,19.2,mg/L,Actual,,,,,,,TEL.033,PROPRIETARY,,,,,Taiga Labs,
2022 water quality data collected for CIMP197,7,CIMP2021-30,68.7930312,-133.5496966,WGS84,,,,,Lake/Pond,Field Msr/Obs,Surface Water,2021-07-30,,,,,,Probe/Sensor,pH,,,7.14,None,Actual,,,,,,,,,,,,,,
2022 water quality data collected for CIMP197,7,CIMP2021-30,68.7930312,-133.5496966,WGS84,,,,,Lake/Pond,Field Msr/Obs,Surface Water,2021-07-30,,,,,,Probe/Sensor,"Temperature, water",,,16.07,deg C,Actual,,,,,,,,,,,,,,
2022 water quality data collected for CIMP197,7,CIMP2021-30,68.7930312,-133.5496966,WGS84,,,,,Lake/Pond,Field Msr/Obs,Surface Water,2021-07-30,,,,,,Probe/Sensor,Turbidity,,,4.38,NTU,Actual,,,,,,,,,,,,,,
2022 water quality data collected for CIMP197,3,CIMP2021-100,69.156847,-132.995519,WGS84,,,,,Lake/Pond,Sample-Routine,Surface Water,2021-07-31,,,,,,Water Bottle,Calcium,,Total,13.2,mg/L,Actual,,,,,,,EPA200.2,USEPA,,,,,Taiga Labs,
2022 water quality data collected for CIMP197,3,CIMP2021-100,69.156847,-132.995519,WGS84,,,,,Lake/Pond,Field Msr/Obs,Surface Water,2021-07-31,,,,,,Probe/Sensor,"Chlorophyll a, pheophytin correction unspecified",,,12.43,ug/L,Estimated,,,,,,,,,,,,,,
2022 water quality data collected for CIMP197,3,CIMP2021-100,69.156847,-132.995519,WGS84,,,,,Lake/Pond,Field Msr/Obs,Surface Water,2021-07-31,,,,,,Probe/Sensor,Conductivity,,,111.5,uS/cm,Actual,,,,,,,,,,,,,,
2022 water quality data collected for CIMP197,3,CIMP2021-100,69.156847,-132.995519,WGS84,,,,,Lake/Pond,Field Msr/Obs,Surface Water,2021-07-31,,,,,,Probe/Sensor,Dissolved oxygen (DO),,,9.43,mg/L,Actual,,,,,,,,,,,,,,
2022 water quality data collected for CIMP197,3,CIMP2021-100,69.156847,-132.995519,WGS84,,,,,Lake/Pond,Sample-Routine,Surface Water,2021-07-31,,,,,,Water Bottle,Organic carbon,,Dissolved,19.6,mg/L,Actual,,,,,,,TEL.033,PROPRIETARY,,,,,Taiga Labs,
2022 water quality data collected for CIMP197,3,CIMP2021-100,69.156847,-132.995519,WGS84,,,,,Lake/Pond,Field Msr/Obs,Surface Water,2021-07-31,,,,,,Probe/Sensor,pH,,,7.72,None,Actual,,,,,,,,,,,,,,
2022 water quality data collected for CIMP197,3,CIMP2021-100,69.156847,-132.995519,WGS84,,,,,Lake/Pond,Field Msr/Obs,Surface Water,2021-07-31,,,,,,Probe/Sensor,"Temperature, water",,,16.02,deg C,Actual,,,,,,,,,,,,,,
2022 water quality data collected for CIMP197,3,CIMP2021-100,69.156847,-132.995519,WGS84,,,,,Lake/Pond,Field Msr/Obs,Surface Water,2021-07-31,,,,,,Probe/Sensor,Turbidity,,,3.03,NTU,Actual,,,,,,,,,,,,,,
2022 water quality data collected for CIMP197,8,CIMP2021-32,68.85019762,-133.524129,WGS84,,,,,Lake/Pond,Sample-Routine,Surface Water,2021-07-31,,,,,,Water Bottle,Calcium,,Total,27.7,mg/L,Actual,,,,,,,EPA200.2,USEPA,,,,,Taiga Labs,
2022 water quality data collected for CIMP197,8,CIMP2021-32,68.85019762,-133.524129,WGS84,,,,,Lake/Pond,Field Msr/Obs,Surface Water,2021-07-31,,,,,,Probe/Sensor,"Chlorophyll a, pheophytin correction unspecified",,,2.73,ug/L,Estimated,,,,,,,,,,,,,,
2022 water quality data collected for CIMP197,8,CIMP2021-32,68.85019762,-133.524129,WGS84,,,,,Lake/Pond,Field Msr/Obs,Surface Water,2021-07-31,,,,,,Probe/Sensor,Conductivity,,,222.5,uS/cm,Actual,,,,,,,,,,,,,,
2022 water quality data collected for CIMP197,8,CIMP2021-32,68.85019762,-133.524129,WGS84,,,,,Lake/Pond,Field Msr/Obs,Surface Water,2021-07-31,,,,,,Probe/Sensor,Dissolved oxygen (DO),,,10.2,mg/L,Actual,,,,,,,,,,,,,,
2022 water quality data collected for CIMP197,8,CIMP2021-32,68.85019762,-133.524129,WGS84,,,,,Lake/Pond,Sample-Routine,Surface Water,2021-07-31,,,,,,Water Bottle,Organic carbon,,Dissolved,14.1,mg/L,Actual,,,,,,,TEL.033,PROPRIETARY,,,,,Taiga Labs,
2022 water quality data collected for CIMP197,8,CIMP2021-32,68.85019762,-133.524129,WGS84,,,,,Lake/Pond,Field Msr/Obs,Surface Water,2021-07-31,,,,,,Probe/Sensor,pH,,,9.04,None,Actual,,,,,,,,,,,,,,
2022 water quality data collected for CIMP197,8,CIMP2021-32,68.85019762,-133.524129,WGS84,,,,,Lake/Pond,Field Msr/Obs,Surface Water,2021-07-31,,,,,,Probe/Sensor,"Temperature, water",,,17.22,deg C,Actual,,,,,,,,,,,,,,
2022 water quality data collected for CIMP197,8,CIMP2021-32,68.85019762,-133.524129,WGS84,,,,,Lake/Pond,Field Msr/Obs,Surface Water,2021-07-31,,,,,,Probe/Sensor,Turbidity,,,0.61,NTU,Actual,,,,,,,,,,,,,,
2022 water quality data collected for CIMP197,10,CIMP2021-35,69.03214693,-133.2406759,WGS84,,,,,Lake/Pond,Sample-Routine,Surface Water,2021-08-02,,,,,,Water Bottle,Calcium,,Total,13.8,mg/L,Actual,,,,,,,EPA200.2,USEPA,,,,,Taiga Labs,
2022 water quality data collected for CIMP197,10,CIMP2021-35,69.03214693,-133.2406759,WGS84,,,,,Lake/Pond,Field Msr/Obs,Surface Water,2021-08-02,,,,,,Probe/Sensor,"Chlorophyll a, pheophytin correction unspecified",,,35.39,ug/L,Estimated,,,,,,,,,,,,,,
2022 water quality data collected for CIMP197,10,CIMP2021-35,69.03214693,-133.2406759,WGS84,,,,,Lake/Pond,Field Msr/Obs,Surface Water,2021-08-02,,,,,,Probe/Sensor,Conductivity,,,119.8,uS/cm,Actual,,,,,,,,,,,,,,
2022 water quality data collected for CIMP197,10,CIMP2021-35,69.03214693,-133.2406759,WGS84,,,,,Lake/Pond,Field Msr/Obs,Surface Water,2021-08-02,,,,,,Probe/Sensor,Dissolved oxygen (DO),,,8.77,mg/L,Actual,,,,,,,,,,,,,,
2022 water quality data collected for CIMP197,10,CIMP2021-35,69.03214693,-133.2406759,WGS84,,,,,Lake/Pond,Sample-Routine,Surface Water,2021-08-02,,,,,,Water Bottle,Organic carbon,,Dissolved,26.7,mg/L,Actual,,,,,,,TEL.033,PROPRIETARY,,,,,Taiga Labs,
2022 water quality data collected for CIMP197,10,CIMP2021-35,69.03214693,-133.2406759,WGS84,,,,,Lake/Pond,Field Msr/Obs,Surface Water,2021-08-02,,,,,,Probe/Sensor,pH,,,7.3,None,Actual,,,,,,,,,,,,,,
2022 water quality data collected for CIMP197,10,CIMP2021-35,69.03214693,-133.2406759,WGS84,,,,,Lake/Pond,Field Msr/Obs,Surface Water,2021-08-02,,,,,,Probe/Sensor,"Temperature, water",,,17.3,deg C,Actual,,,,,,,,,,,,,,
2022 water quality data collected for CIMP197,10,CIMP2021-35,69.03214693,-133.2406759,WGS84,,,,,Lake/Pond,Field Msr/Obs,Surface Water,2021-08-02,,,,,,Probe/Sensor,Turbidity,,,12.88,NTU,Actual,,,,,,,,,,,,,,
2022 water quality data collected for CIMP197,12,CIMP2021-39,68.98523454,-133.3994009,WGS84,,,,,Lake/Pond,Sample-Routine,Surface Water,2021-08-02,,,,,,Water Bottle,Calcium,,Total,10,mg/L,Actual,,,,,,,EPA200.2,USEPA,,,,,Taiga Labs,
2022 water quality data collected for CIMP197,12,CIMP2021-39,68.98523454,-133.3994009,WGS84,,,,,Lake/Pond,Field Msr/Obs,Surface Water,2021-08-02,,,,,,Probe/Sensor,"Chlorophyll a, pheophytin correction unspecified",,,15.27,ug/L,Estimated,,,,,,,,,,,,,,
2022 water quality data collected for CIMP197,12,CIMP2021-39,68.98523454,-133.3994009,WGS84,,,,,Lake/Pond,Field Msr/Obs,Surface Water,2021-08-02,,,,,,Probe/Sensor,Conductivity,,,78.2,uS/cm,Actual,,,,,,,,,,,,,,
2022 water quality data collected for CIMP197,12,CIMP2021-39,68.98523454,-133.3994009,WGS84,,,,,Lake/Pond,Field Msr/Obs,Surface Water,2021-08-02,,,,,,Probe/Sensor,Dissolved oxygen (DO),,,9.55,mg/L,Actual,,,,,,,,,,,,,,
2022 water quality data collected for CIMP197,12,CIMP2021-39,68.98523454,-133.3994009,WGS84,,,,,Lake/Pond,Sample-Routine,Surface Water,2021-08-02,,,,,,Water Bottle,Organic carbon,,Dissolved,23.2,mg/L,Actual,,,,,,,TEL.033,PROPRIETARY,,,,,Taiga Labs,
2022 water quality data collected for CIMP197,12,CIMP2021-39,68.98523454,-133.3994009,WGS84,,,,,Lake/Pond,Field Msr/Obs,Surface Water,2021-08-02,,,,,,Probe/Sensor,pH,,,7.9,None,Actual,,,,,,,,,,,,,,
2022 water quality data collected for CIMP197,12,CIMP2021-39,68.98523454,-133.3994009,WGS84,,,,,Lake/Pond,Field Msr/Obs,Surface Water,2021-08-02,,,,,,Probe/Sensor,"Temperature, water",,,17.58,deg C,Actual,,,,,,,,,,,,,,
2022 water quality data collected for CIMP197,12,CIMP2021-39,68.98523454,-133.3994009,WGS84,,,,,Lake/Pond,Field Msr/Obs,Surface Water,2021-08-02,,,,,,Probe/Sensor,Turbidity,,,18.96,NTU,Actual,,,,,,,,,,,,,,
2022 water quality data collected for CIMP197,11,CIMP2021-37,69.13353287,-133.0322559,WGS84,,,,,Lake/Pond,Sample-Routine,Surface Water,2021-08-03,,,,,,Water Bottle,Calcium,,Total,15.9,mg/L,Actual,,,,,,,EPA200.2,USEPA,,,,,Taiga Labs,
2022 water quality data collected for CIMP197,11,CIMP2021-37,69.13353287,-133.0322559,WGS84,,,,,Lake/Pond,Field Msr/Obs,Surface Water,2021-08-03,,,,,,Probe/Sensor,"Chlorophyll a, pheophytin correction unspecified",,,4.99,ug/L,Estimated,,,,,,,,,,,,,,
2022 water quality data collected for CIMP197,11,CIMP2021-37,69.13353287,-133.0322559,WGS84,,,,,Lake/Pond,Field Msr/Obs,Surface Water,2021-08-03,,,,,,Probe/Sensor,Conductivity,,,140.1,uS/cm,Actual,,,,,,,,,,,,,,
2022 water quality data collected for CIMP197,11,CIMP2021-37,69.13353287,-133.0322559,WGS84,,,,,Lake/Pond,Field Msr/Obs,Surface Water,2021-08-03,,,,,,Probe/Sensor,Dissolved oxygen (DO),,,10.15,mg/L,Actual,,,,,,,,,,,,,,
2022 water quality data collected for CIMP197,11,CIMP2021-37,69.13353287,-133.0322559,WGS84,,,,,Lake/Pond,Sample-Routine,Surface Water,2021-08-03,,,,,,Water Bottle,Organic carbon,,Dissolved,25.7,mg/L,Actual,,,,,,,TEL.033,PROPRIETARY,,,,,Taiga Labs,
2022 water quality data collected for CIMP197,11,CIMP2021-37,69.13353287,-133.0322559,WGS84,,,,,Lake/Pond,Field Msr/Obs,Surface Water,2021-08-03,,,,,,Probe/Sensor,pH,,,7.59,None,Actual,,,,,,,,,,,,,,
2022 water quality data collected for CIMP197,11,CIMP2021-37,69.13353287,-133.0322559,WGS84,,,,,Lake/Pond,Field Msr/Obs,Surface Water,2021-08-03,,,,,,Probe/Sensor,"Temperature, water",,,15.65,deg C,Actual,,,,,,,,,,,,,,
2022 water quality data collected for CIMP197,11,CIMP2021-37,69.13353287,-133.0322559,WGS84,,,,,Lake/Pond,Field Msr/Obs,Surface Water,2021-08-03,,,,,,Probe/Sensor,Turbidity,,,1.01,NTU,Actual,,,,,,,,,,,,,,
2022 water quality data collected for CIMP197,9,CIMP2021-34,69.00068553,-133.3666238,WGS84,,,,,Lake/Pond,Sample-Routine,Surface Water,2021-08-03,,,,,,Water Bottle,Calcium,,Total,16.3,mg/L,Actual,,,,,,,EPA200.2,USEPA,,,,,Taiga Labs,
2022 water quality data collected for CIMP197,9,CIMP2021-34,69.00068553,-133.3666238,WGS84,,,,,Lake/Pond,Field Msr/Obs,Surface Water,2021-08-03,,,,,,Probe/Sensor,"Chlorophyll a, pheophytin correction unspecified",,,4.55,ug/L,Estimated,,,,,,,,,,,,,,
2022 water quality data collected for CIMP197,9,CIMP2021-34,69.00068553,-133.3666238,WGS84,,,,,Lake/Pond,Field Msr/Obs,Surface Water,2021-08-03,,,,,,Probe/Sensor,Conductivity,,,131.2,uS/cm,Actual,,,,,,,,,,,,,,
2022 water quality data collected for CIMP197,9,CIMP2021-34,69.00068553,-133.3666238,WGS84,,,,,Lake/Pond,Field Msr/Obs,Surface Water,2021-08-03,,,,,,Probe/Sensor,Dissolved oxygen (DO),,,9.22,mg/L,Actual,,,,,,,,,,,,,,
2022 water quality data collected for CIMP197,9,CIMP2021-34,69.00068553,-133.3666238,WGS84,,,,,Lake/Pond,Sample-Routine,Surface Water,2021-08-03,,,,,,Water Bottle,Organic carbon,,Dissolved,12.7,mg/L,Actual,,,,,,,TEL.033,PROPRIETARY,,,,,Taiga Labs,
2022 water quality data collected for CIMP197,9,CIMP2021-34,69.00068553,-133.3666238,WGS84,,,,,Lake/Pond,Field Msr/Obs,Surface Water,2021-08-03,,,,,,Probe/Sensor,pH,,,7.8,None,Actual,,,,,,,,,,,,,,
2022 water quality data collected for CIMP197,9,CIMP2021-34,69.00068553,-133.3666238,WGS84,,,,,Lake/Pond,Field Msr/Obs,Surface Water,2021-08-03,,,,,,Probe/Sensor,"Temperature, water",,,15.82,deg C,Actual,,,,,,,,,,,,,,
2022 water quality data collected for CIMP197,9,CIMP2021-34,69.00068553,-133.3666238,WGS84,,,,,Lake/Pond,Field Msr/Obs,Surface Water,2021-08-03,,,,,,Probe/Sensor,Turbidity,,,1.93,NTU,Actual,,,,,,,,,,,,,,
2022 water quality data collected for CIMP197,14,CIMP2021-41,69.12110092,-133.0228309,WGS84,,,,,Lake/Pond,Sample-Routine,Surface Water,2021-08-06,,,,,,Water Bottle,Calcium,,Total,14.2,mg/L,Actual,,,,,,,EPA200.2,USEPA,,,,,Taiga Labs,
2022 water quality data collected for CIMP197,14,CIMP2021-41,69.12110092,-133.0228309,WGS84,,,,,Lake/Pond,Field Msr/Obs,Surface Water,2021-08-06,,,,,,Probe/Sensor,"Chlorophyll a, pheophytin correction unspecified",,,10.5,ug/L,Estimated,,,,,,,,,,,,,,
2022 water quality data collected for CIMP197,14,CIMP2021-41,69.12110092,-133.0228309,WGS84,,,,,Lake/Pond,Field Msr/Obs,Surface Water,2021-08-06,,,,,,Probe/Sensor,Conductivity,,,112.2,uS/cm,Actual,,,,,,,,,,,,,,
2022 water quality data collected for CIMP197,14,CIMP2021-41,69.12110092,-133.0228309,WGS84,,,,,Lake/Pond,Field Msr/Obs,Surface Water,2021-08-06,,,,,,Probe/Sensor,Dissolved oxygen (DO),,,10.87,mg/L,Actual,,,,,,,,,,,,,,
2022 water quality data collected for CIMP197,14,CIMP2021-41,69.12110092,-133.0228309,WGS84,,,,,Lake/Pond,Sample-Routine,Surface Water,2021-08-06,,,,,,Water Bottle,Organic carbon,,Dissolved,21.5,mg/L,Actual,,,,,,,TEL.033,PROPRIETARY,,,,,Taiga Labs,
2022 water quality data collected for CIMP197,14,CIMP2021-41,69.12110092,-133.0228309,WGS84,,,,,Lake/Pond,Field Msr/Obs,Surface Water,2021-08-06,,,,,,Probe/Sensor,pH,,,7.47,None,Actual,,,,,,,,,,,,,,
2022 water quality data collected for CIMP197,14,CIMP2021-41,69.12110092,-133.0228309,WGS84,,,,,Lake/Pond,Field Msr/Obs,Surface Water,2021-08-06,,,,,,Probe/Sensor,"Temperature, water",,,12.3,deg C,Actual,,,,,,,,,,,,,,
2022 water quality data collected for CIMP197,14,CIMP2021-41,69.12110092,-133.0228309,WGS84,,,,,Lake/Pond,Field Msr/Obs,Surface Water,2021-08-06,,,,,,Probe/Sensor,Turbidity,,,1.95,NTU,Actual,,,,,,,,,,,,,,
2022 water quality data collected for CIMP197,5,CIMP2021-15,67.44005833,-134.5263806,WGS84,,,,,Lake/Pond,Sample-Routine,Surface Water,2021-08-06,,,,,,Water Bottle,Calcium,,Total,8.51,mg/L,Actual,,,,,,,EPA200.2,USEPA,,,,,Taiga Labs,
2022 water quality data collected for CIMP197,5,CIMP2021-15,67.44005833,-134.5263806,WGS84,,,,,Lake/Pond,Field Msr/Obs,Surface Water,2021-08-06,,,,,,Probe/Sensor,"Chlorophyll a, pheophytin correction unspecified",,,9.85,ug/L,Estimated,,,,,,,,,,,,,,
2022 water quality data collected for CIMP197,5,CIMP2021-15,67.44005833,-134.5263806,WGS84,,,,,Lake/Pond,Field Msr/Obs,Surface Water,2021-08-06,,,,,,Probe/Sensor,Conductivity,,,49.4,uS/cm,Actual,,,,,,,,,,,,,,
2022 water quality data collected for CIMP197,5,CIMP2021-15,67.44005833,-134.5263806,WGS84,,,,,Lake/Pond,Field Msr/Obs,Surface Water,2021-08-06,,,,,,Probe/Sensor,Dissolved oxygen (DO),,,9.79,mg/L,Actual,,,,,,,,,,,,,,
2022 water quality data collected for CIMP197,5,CIMP2021-15,67.44005833,-134.5263806,WGS84,,,,,Lake/Pond,Sample-Routine,Surface Water,2021-08-06,,,,,,Water Bottle,Organic carbon,,Dissolved,36,mg/L,Actual,,,,,,,TEL.033,PROPRIETARY,,,,,Taiga Labs,
2022 water quality data collected for CIMP197,5,CIMP2021-15,67.44005833,-134.5263806,WGS84,,,,,Lake/Pond,Field Msr/Obs,Surface Water,2021-08-06,,,,,,Probe/Sensor,pH,,,7.62,None,Actual,,,,,,,,,,,,,,
2022 water quality data collected for CIMP197,5,CIMP2021-15,67.44005833,-134.5263806,WGS84,,,,,Lake/Pond,Field Msr/Obs,Surface Water,2021-08-06,,,,,,Probe/Sensor,"Temperature, water",,,13.51,deg C,Actual,,,,,,,,,,,,,,
2022 water quality data collected for CIMP197,5,CIMP2021-15,67.44005833,-134.5263806,WGS84,,,,,Lake/Pond,Field Msr/Obs,Surface Water,2021-08-06,,,,,,Probe/Sensor,Turbidity,,,0.84,NTU,Actual,,,,,,,,,,,,,,
2022 water quality data collected for CIMP197,15,CIMP2021-42,69.1514316,-133.051257,WGS84,,,,,Lake/Pond,Sample-Routine,Surface Water,2021-08-07,,,,,,Water Bottle,Calcium,,Total,26.1,mg/L,Actual,,,,,,,EPA200.2,USEPA,,,,,Taiga Labs,
2022 water quality data collected for CIMP197,15,CIMP2021-42,69.1514316,-133.051257,WGS84,,,,,Lake/Pond,Field Msr/Obs,Surface Water,2021-08-07,,,,,,Probe/Sensor,"Chlorophyll a, pheophytin correction unspecified",,,5.45,ug/L,Estimated,,,,,,,,,,,,,,
2022 water quality data collected for CIMP197,15,CIMP2021-42,69.1514316,-133.051257,WGS84,,,,,Lake/Pond,Field Msr/Obs,Surface Water,2021-08-07,,,,,,Probe/Sensor,Conductivity,,,200.6,uS/cm,Actual,,,,,,,,,,,,,,
2022 water quality data collected for CIMP197,15,CIMP2021-42,69.1514316,-133.051257,WGS84,,,,,Lake/Pond,Field Msr/Obs,Surface Water,2021-08-07,,,,,,Probe/Sensor,Dissolved oxygen (DO),,,9.75,mg/L,Actual,,,,,,,,,,,,,,
2022 water quality data collected for CIMP197,15,CIMP2021-42,69.1514316,-133.051257,WGS84,,,,,Lake/Pond,Sample-Routine,Surface Water,2021-08-07,,,,,,Water Bottle,Organic carbon,,Dissolved,16.8,mg/L,Actual,,,,,,,TEL.033,PROPRIETARY,,,,,Taiga Labs,
2022 water quality data collected for CIMP197,15,CIMP2021-42,69.1514316,-133.051257,WGS84,,,,,Lake/Pond,Field Msr/Obs,Surface Water,2021-08-07,,,,,,Probe/Sensor,pH,,,8.17,None,Actual,,,,,,,,,,,,,,
2022 water quality data collected for CIMP197,15,CIMP2021-42,69.1514316,-133.051257,WGS84,,,,,Lake/Pond,Field Msr/Obs,Surface Water,2021-08-07,,,,,,Probe/Sensor,"Temperature, water",,,14.37,deg C,Actual,,,,,,,,,,,,,,
2022 water quality data collected for CIMP197,15,CIMP2021-42,69.1514316,-133.051257,WGS84,,,,,Lake/Pond,Field Msr/Obs,Surface Water,2021-08-07,,,,,,Probe/Sensor,Turbidity,,,2.49,NTU,Actual,,,,,,,,,,,,,,
2022 water quality data collected for CIMP197,19,CIMP2021-7,67.43912222,-133.8668083,WGS84,,,,,Lake/Pond,Sample-Routine,Surface Water,2021-08-07,,,,,,Water Bottle,Calcium,,Total,7.54,mg/L,Actual,,,,,,,EPA200.2,USEPA,,,,,Taiga Labs,
2022 water quality data collected for CIMP197,19,CIMP2021-7,67.43912222,-133.8668083,WGS84,,,,,Lake/Pond,Field Msr/Obs,Surface Water,2021-08-07,,,,,,Probe/Sensor,"Chlorophyll a, pheophytin correction unspecified",,,5.45,ug/L,Estimated,,,,,,,,,,,,,,
2022 water quality data collected for CIMP197,19,CIMP2021-7,67.43912222,-133.8668083,WGS84,,,,,Lake/Pond,Field Msr/Obs,Surface Water,2021-08-07,,,,,,Probe/Sensor,Conductivity,,,108.9,uS/cm,Actual,,,,,,,,,,,,,,
2022 water quality data collected for CIMP197,19,CIMP2021-7,67.43912222,-133.8668083,WGS84,,,,,Lake/Pond,Field Msr/Obs,Surface Water,2021-08-07,,,,,,Probe/Sensor,Dissolved oxygen (DO),,,9.06,mg/L,Actual,,,,,,,,,,,,,,
2022 water quality data collected for CIMP197,19,CIMP2021-7,67.43912222,-133.8668083,WGS84,,,,,Lake/Pond,Sample-Routine,Surface Water,2021-08-07,,,,,,Water Bottle,Organic carbon,,Dissolved,39.5,mg/L,Actual,,,,,,,TEL.033,PROPRIETARY,,,,,Taiga Labs,
2022 water quality data collected for CIMP197,19,CIMP2021-7,67.43912222,-133.8668083,WGS84,,,,,Lake/Pond,Field Msr/Obs,Surface Water,2021-08-07,,,,,,Probe/Sensor,pH,,,7.72,None,Actual,,,,,,,,,,,,,,
2022 water quality data collected for CIMP197,19,CIMP2021-7,67.43912222,-133.8668083,WGS84,,,,,Lake/Pond,Field Msr/Obs,Surface Water,2021-08-07,,,,,,Probe/Sensor,"Temperature, water",,,12.66,deg C,Actual,,,,,,,,,,,,,,
2022 water quality data collected for CIMP197,19,CIMP2021-7,67.43912222,-133.8668083,WGS84,,,,,Lake/Pond,Field Msr/Obs,Surface Water,2021-08-07,,,,,,Probe/Sensor,Turbidity,,,0.77,NTU,Actual,,,,,,,,,,,,,,
2022 water quality data collected for CIMP197,18,CIMP2021-6,67.43368333,-133.8702,WGS84,,,,,Lake/Pond,Sample-Routine,Surface Water,2021-08-08,,,,,,Water Bottle,Calcium,,Total,25.5,mg/L,Actual,,,,,,,EPA200.2,USEPA,,,,,Taiga Labs,
2022 water quality data collected for CIMP197,18,CIMP2021-6,67.43368333,-133.8702,WGS84,,,,,Lake/Pond,Field Msr/Obs,Surface Water,2021-08-08,,,,,,Probe/Sensor,"Chlorophyll a, pheophytin correction unspecified",,,9.72,ug/L,Estimated,,,,,,,,,,,,,,
2022 water quality data collected for CIMP197,18,CIMP2021-6,67.43368333,-133.8702,WGS84,,,,,Lake/Pond,Field Msr/Obs,Surface Water,2021-08-08,,,,,,Probe/Sensor,Conductivity,,,325.4,uS/cm,Actual,,,,,,,,,,,,,,
2022 water quality data collected for CIMP197,18,CIMP2021-6,67.43368333,-133.8702,WGS84,,,,,Lake/Pond,Field Msr/Obs,Surface Water,2021-08-08,,,,,,Probe/Sensor,Dissolved oxygen (DO),,,10.13,mg/L,Actual,,,,,,,,,,,,,,
2022 water quality data collected for CIMP197,18,CIMP2021-6,67.43368333,-133.8702,WGS84,,,,,Lake/Pond,Sample-Routine,Surface Water,2021-08-08,,,,,,Water Bottle,Organic carbon,,Dissolved,35.6,mg/L,Actual,,,,,,,TEL.033,PROPRIETARY,,,,,Taiga Labs,
2022 water quality data collected for CIMP197,18,CIMP2021-6,67.43368333,-133.8702,WGS84,,,,,Lake/Pond,Field Msr/Obs,Surface Water,2021-08-08,,,,,,Probe/Sensor,pH,,,8.04,None,Actual,,,,,,,,,,,,,,
2022 water quality data collected for CIMP197,18,CIMP2021-6,67.43368333,-133.8702,WGS84,,,,,Lake/Pond,Field Msr/Obs,Surface Water,2021-08-08,,,,,,Probe/Sensor,"Temperature, water",,,13.34,deg C,Actual,,,,,,,,,,,,,,
2022 water quality data collected for CIMP197,18,CIMP2021-6,67.43368333,-133.8702,WGS84,,,,,Lake/Pond,Field Msr/Obs,Surface Water,2021-08-08,,,,,,Probe/Sensor,Turbidity,,,0.07,NTU,Actual,,,,,,,,,,,,,,
2022 water quality data collected for CIMP197,1,CIMP2018-8,68.845658,-133.540922,WGS84,,,,,Lake/Pond,Sample-Routine,Surface Water,2021-08-09,,,,,,Water Bottle,Calcium,,Total,11.6,mg/L,Actual,,,,,,,EPA200.2,USEPA,,,,,Taiga Labs,
2022 water quality data collected for CIMP197,1,CIMP2018-8,68.845658,-133.540922,WGS84,,,,,Lake/Pond,Field Msr/Obs,Surface Water,2021-08-09,,,,,,Probe/Sensor,"Chlorophyll a, pheophytin correction unspecified",,,7.11,ug/L,Estimated,,,,,,,,,,,,,,
2022 water quality data collected for CIMP197,1,CIMP2018-8,68.845658,-133.540922,WGS84,,,,,Lake/Pond,Field Msr/Obs,Surface Water,2021-08-09,,,,,,Probe/Sensor,Conductivity,,,93.5,uS/cm,Actual,,,,,,,,,,,,,,
2022 water quality data collected for CIMP197,1,CIMP2018-8,68.845658,-133.540922,WGS84,,,,,Lake/Pond,Field Msr/Obs,Surface Water,2021-08-09,,,,,,Probe/Sensor,Dissolved oxygen (DO),,,9.8,mg/L,Actual,,,,,,,,,,,,,,
2022 water quality data collected for CIMP197,1,CIMP2018-8,68.845658,-133.540922,WGS84,,,,,Lake/Pond,Sample-Routine,Surface Water,2021-08-09,,,,,,Water Bottle,Organic carbon,,Dissolved,13.7,mg/L,Actual,,,,,,,TEL.033,PROPRIETARY,,,,,Taiga Labs,
2022 water quality data collected for CIMP197,1,CIMP2018-8,68.845658,-133.540922,WGS84,,,,,Lake/Pond,Field Msr/Obs,Surface Water,2021-08-09,,,,,,Probe/Sensor,pH,,,7.89,None,Actual,,,,,,,,,,,,,,
2022 water quality data collected for CIMP197,1,CIMP2018-8,68.845658,-133.540922,WGS84,,,,,Lake/Pond,Field Msr/Obs,Surface Water,2021-08-09,,,,,,Probe/Sensor,"Temperature, water",,,17.12,deg C,Actual,,,,,,,,,,,,,,
2022 water quality data collected for CIMP197,1,CIMP2018-8,68.845658,-133.540922,WGS84,,,,,Lake/Pond,Field Msr/Obs,Surface Water,2021-08-09,,,,,,Probe/Sensor,Turbidity,,,2.46,NTU,Actual,,,,,,,,,,,,,,
2022 water quality data collected for CIMP197,4,CIMP2021-11,67.40874722,-133.9372167,WGS84,,,,,Lake/Pond,Sample-Routine,Surface Water,2021-08-09,,,,,,Water Bottle,Calcium,,Total,14.6,mg/L,Actual,,,,,,,EPA200.2,USEPA,,,,,Taiga Labs,
2022 water quality data collected for CIMP197,4,CIMP2021-11,67.40874722,-133.9372167,WGS84,,,,,Lake/Pond,Field Msr/Obs,Surface Water,2021-08-09,,,,,,Probe/Sensor,"Chlorophyll a, pheophytin correction unspecified",,,4.91,ug/L,Estimated,,,,,,,,,,,,,,
2022 water quality data collected for CIMP197,4,CIMP2021-11,67.40874722,-133.9372167,WGS84,,,,,Lake/Pond,Field Msr/Obs,Surface Water,2021-08-09,,,,,,Probe/Sensor,Conductivity,,,87.6,uS/cm,Actual,,,,,,,,,,,,,,
2022 water quality data collected for CIMP197,4,CIMP2021-11,67.40874722,-133.9372167,WGS84,,,,,Lake/Pond,Field Msr/Obs,Surface Water,2021-08-09,,,,,,Probe/Sensor,Dissolved oxygen (DO),,,10.54,mg/L,Actual,,,,,,,,,,,,,,
2022 water quality data collected for CIMP197,4,CIMP2021-11,67.40874722,-133.9372167,WGS84,,,,,Lake/Pond,Sample-Routine,Surface Water,2021-08-09,,,,,,Water Bottle,Organic carbon,,Dissolved,46,mg/L,Actual,,,,,,,TEL.033,PROPRIETARY,,,,,Taiga Labs,
2022 water quality data collected for CIMP197,4,CIMP2021-11,67.40874722,-133.9372167,WGS84,,,,,Lake/Pond,Field Msr/Obs,Surface Water,2021-08-09,,,,,,Probe/Sensor,pH,,,7.88,None,Actual,,,,,,,,,,,,,,
2022 water quality data collected for CIMP197,4,CIMP2021-11,67.40874722,-133.9372167,WGS84,,,,,Lake/Pond,Field Msr/Obs,Surface Water,2021-08-09,,,,,,Probe/Sensor,"Temperature, water",,,12.69,deg C,Actual,,,,,,,,,,,,,,
2022 water quality data collected for CIMP197,4,CIMP2021-11,67.40874722,-133.9372167,WGS84,,,,,Lake/Pond,Field Msr/Obs,Surface Water,2021-08-09,,,,,,Probe/Sensor,Turbidity,,,6.59,NTU,Actual,,,,,,,,,,,,,,
2022 water quality data collected for CIMP197,13,CIMP2021-4,67.40974722,-133.99415,WGS84,,,,,Lake/Pond,Sample-Routine,Surface Water,2021-08-12,,,,,,Water Bottle,Calcium,,Total,20.8,mg/L,Actual,,,,,,,EPA200.2,USEPA,,,,,Taiga Labs,
2022 water quality data collected for CIMP197,13,CIMP2021-4,67.40974722,-133.99415,WGS84,,,,,Lake/Pond,Field Msr/Obs,Surface Water,2021-08-12,,,,,,Probe/Sensor,"Chlorophyll a, pheophytin correction unspecified",,,12.61,ug/L,Estimated,,,,,,,,,,,,,,
2022 water quality data collected for CIMP197,13,CIMP2021-4,67.40974722,-133.99415,WGS84,,,,,Lake/Pond,Field Msr/Obs,Surface Water,2021-08-12,,,,,,Probe/Sensor,Conductivity,,,141.4,uS/cm,Actual,,,,,,,,,,,,,,
2022 water quality data collected for CIMP197,13,CIMP2021-4,67.40974722,-133.99415,WGS84,,,,,Lake/Pond,Field Msr/Obs,Surface Water,2021-08-12,,,,,,Probe/Sensor,Dissolved oxygen (DO),,,10.12,mg/L,Actual,,,,,,,,,,,,,,
2022 water quality data collected for CIMP197,13,CIMP2021-4,67.40974722,-133.99415,WGS84,,,,,Lake/Pond,Sample-Routine,Surface Water,2021-08-12,,,,,,Water Bottle,Organic carbon,,Dissolved,28.1,mg/L,Actual,,,,,,,TEL.033,PROPRIETARY,,,,,Taiga Labs,
2022 water quality data collected for CIMP197,13,CIMP2021-4,67.40974722,-133.99415,WGS84,,,,,Lake/Pond,Field Msr/Obs,Surface Water,2021-08-12,,,,,,Probe/Sensor,pH,,,8.03,None,Actual,,,,,,,,,,,,,,
2022 water quality data collected for CIMP197,13,CIMP2021-4,67.40974722,-133.99415,WGS84,,,,,Lake/Pond,Field Msr/Obs,Surface Water,2021-08-12,,,,,,Probe/Sensor,"Temperature, water",,,14.49,deg C,Actual,,,,,,,,,,,,,,
2022 water quality data collected for CIMP197,13,CIMP2021-4,67.40974722,-133.99415,WGS84,,,,,Lake/Pond,Field Msr/Obs,Surface Water,2021-08-12,,,,,,Probe/Sensor,Turbidity,,,0.26,NTU,Actual,,,,,,,,,,,,,,
2022 water quality data collected for CIMP197,17,CIMP2021-5,67.41299722,-134.0039833,WGS84,,,,,Lake/Pond,Sample-Routine,Surface Water,2021-08-12,,,,,,Water Bottle,Calcium,,Total,19.3,mg/L,Actual,,,,,,,EPA200.2,USEPA,,,,,Taiga Labs,
2022 water quality data collected for CIMP197,17,CIMP2021-5,67.41299722,-134.0039833,WGS84,,,,,Lake/Pond,Field Msr/Obs,Surface Water,2021-08-12,,,,,,Probe/Sensor,"Chlorophyll a, pheophytin correction unspecified",,,8.68,ug/L,Estimated,,,,,,,,,,,,,,
2022 water quality data collected for CIMP197,17,CIMP2021-5,67.41299722,-134.0039833,WGS84,,,,,Lake/Pond,Field Msr/Obs,Surface Water,2021-08-12,,,,,,Probe/Sensor,Conductivity,,,149.9,uS/cm,Actual,,,,,,,,,,,,,,
2022 water quality data collected for CIMP197,17,CIMP2021-5,67.41299722,-134.0039833,WGS84,,,,,Lake/Pond,Field Msr/Obs,Surface Water,2021-08-12,,,,,,Probe/Sensor,Dissolved oxygen (DO),,,9.29,mg/L,Actual,,,,,,,,,,,,,,
2022 water quality data collected for CIMP197,17,CIMP2021-5,67.41299722,-134.0039833,WGS84,,,,,Lake/Pond,Sample-Routine,Surface Water,2021-08-12,,,,,,Water Bottle,Organic carbon,,Dissolved,35.5,mg/L,Actual,,,,,,,TEL.033,PROPRIETARY,,,,,Taiga Labs,
2022 water quality data collected for CIMP197,17,CIMP2021-5,67.41299722,-134.0039833,WGS84,,,,,Lake/Pond,Field Msr/Obs,Surface Water,2021-08-12,,,,,,Probe/Sensor,pH,,,7.81,None,Actual,,,,,,,,,,,,,,
2022 water quality data collected for CIMP197,17,CIMP2021-5,67.41299722,-134.0039833,WGS84,,,,,Lake/Pond,Field Msr/Obs,Surface Water,2021-08-12,,,,,,Probe/Sensor,"Temperature, water",,,14.45,deg C,Actual,,,,,,,,,,,,,,
2022 water quality data collected for CIMP197,17,CIMP2021-5,67.41299722,-134.0039833,WGS84,,,,,Lake/Pond,Field Msr/Obs,Surface Water,2021-08-12,,,,,,Probe/Sensor,Turbidity,,,0,NTU,Actual,,,,,,,,,,,,,,
2022 water quality data collected for CIMP197,6,CIMP2021-3,67.40665556,-133.99565,WGS84,,,,,Lake/Pond,Sample-Routine,Surface Water,2021-08-12,,,,,,Water Bottle,Calcium,,Total,13.9,mg/L,Actual,,,,,,,EPA200.2,USEPA,,,,,Taiga Labs,
2022 water quality data collected for CIMP197,6,CIMP2021-3,67.40665556,-133.99565,WGS84,,,,,Lake/Pond,Field Msr/Obs,Surface Water,2021-08-12,,,,,,Probe/Sensor,"Chlorophyll a, pheophytin correction unspecified",,,4.57,ug/L,Estimated,,,,,,,,,,,,,,
2022 water quality data collected for CIMP197,6,CIMP2021-3,67.40665556,-133.99565,WGS84,,,,,Lake/Pond,Field Msr/Obs,Surface Water,2021-08-12,,,,,,Probe/Sensor,Conductivity,,,96.3,uS/cm,Actual,,,,,,,,,,,,,,
2022 water quality data collected for CIMP197,6,CIMP2021-3,67.40665556,-133.99565,WGS84,,,,,Lake/Pond,Field Msr/Obs,Surface Water,2021-08-12,,,,,,Probe/Sensor,Dissolved oxygen (DO),,,10.28,mg/L,Actual,,,,,,,,,,,,,,
2022 water quality data collected for CIMP197,6,CIMP2021-3,67.40665556,-133.99565,WGS84,,,,,Lake/Pond,Sample-Routine,Surface Water,2021-08-12,,,,,,Water Bottle,Organic carbon,,Dissolved,31.2,mg/L,Actual,,,,,,,TEL.033,PROPRIETARY,,,,,Taiga Labs,
2022 water quality data collected for CIMP197,6,CIMP2021-3,67.40665556,-133.99565,WGS84,,,,,Lake/Pond,Field Msr/Obs,Surface Water,2021-08-12,,,,,,Probe/Sensor,pH,,,8.3,None,Actual,,,,,,,,,,,,,,
2022 water quality data collected for CIMP197,6,CIMP2021-3,67.40665556,-133.99565,WGS84,,,,,Lake/Pond,Field Msr/Obs,Surface Water,2021-08-12,,,,,,Probe/Sensor,"Temperature, water",,,14.68,deg C,Actual,,,,,,,,,,,,,,
2022 water quality data collected for CIMP197,6,CIMP2021-3,67.40665556,-133.99565,WGS84,,,,,Lake/Pond,Field Msr/Obs,Surface Water,2021-08-12,,,,,,Probe/Sensor,Turbidity,,,0,NTU,Actual,,,,,,,,,,,,,,
2022 water quality data collected for CIMP197,2,CIMP2021-10,67.4119,-133.9207472,WGS84,,,,,Lake/Pond,Sample-Routine,Surface Water,2021-08-13,,,,,,Water Bottle,Calcium,,Total,8.57,mg/L,Actual,,,,,,,EPA200.2,USEPA,,,,,Taiga Labs,
2022 water quality data collected for CIMP197,2,CIMP2021-10,67.4119,-133.9207472,WGS84,,,,,Lake/Pond,Field Msr/Obs,Surface Water,2021-08-13,,,,,,Probe/Sensor,"Chlorophyll a, pheophytin correction unspecified",,,11.51,ug/L,Estimated,,,,,,,,,,,,,,
2022 water quality data collected for CIMP197,2,CIMP2021-10,67.4119,-133.9207472,WGS84,,,,,Lake/Pond,Field Msr/Obs,Surface Water,2021-08-13,,,,,,Probe/Sensor,Conductivity,,,59.8,uS/cm,Actual,,,,,,,,,,,,,,
2022 water quality data collected for CIMP197,2,CIMP2021-10,67.4119,-133.9207472,WGS84,,,,,Lake/Pond,Field Msr/Obs,Surface Water,2021-08-13,,,,,,Probe/Sensor,Dissolved oxygen (DO),,,9.12,mg/L,Actual,,,,,,,,,,,,,,
2022 water quality data collected for CIMP197,2,CIMP2021-10,67.4119,-133.9207472,WGS84,,,,,Lake/Pond,Sample-Routine,Surface Water,2021-08-13,,,,,,Water Bottle,Organic carbon,,Dissolved,34.6,mg/L,Actual,,,,,,,TEL.033,PROPRIETARY,,,,,Taiga Labs,
2022 water quality data collected for CIMP197,2,CIMP2021-10,67.4119,-133.9207472,WGS84,,,,,Lake/Pond,Field Msr/Obs,Surface Water,2021-08-13,,,,,,Probe/Sensor,pH,,,7.55,None,Actual,,,,,,,,,,,,,,
2022 water quality data collected for CIMP197,2,CIMP2021-10,67.4119,-133.9207472,WGS84,,,,,Lake/Pond,Field Msr/Obs,Surface Water,2021-08-13,,,,,,Probe/Sensor,"Temperature, water",,,14.36,deg C,Actual,,,,,,,,,,,,,,
2022 water quality data collected for CIMP197,2,CIMP2021-10,67.4119,-133.9207472,WGS84,,,,,Lake/Pond,Field Msr/Obs,Surface Water,2021-08-13,,,,,,Probe/Sensor,Turbidity,,,0.47,NTU,Actual,,,,,,,,,,,,,,
2022 water quality data collected for CIMP197,20,CIMP2021-9,67.41433611,-133.9219889,WGS84,,,,,Lake/Pond,Sample-Routine,Surface Water,2021-08-13,,,,,,Water Bottle,Calcium,,Total,15.7,mg/L,Actual,,,,,,,EPA200.2,USEPA,,,,,Taiga Labs,
2022 water quality data collected for CIMP197,20,CIMP2021-9,67.41433611,-133.9219889,WGS84,,,,,Lake/Pond,Field Msr/Obs,Surface Water,2021-08-13,,,,,,Probe/Sensor,"Chlorophyll a, pheophytin correction unspecified",,,3.5,ug/L,Estimated,,,,,,,,,,,,,,
2022 water quality data collected for CIMP197,20,CIMP2021-9,67.41433611,-133.9219889,WGS84,,,,,Lake/Pond,Field Msr/Obs,Surface Water,2021-08-13,,,,,,Probe/Sensor,Conductivity,,,120,uS/cm,Actual,,,,,,,,,,,,,,
2022 water quality data collected for CIMP197,20,CIMP2021-9,67.41433611,-133.9219889,WGS84,,,,,Lake/Pond,Field Msr/Obs,Surface Water,2021-08-13,,,,,,Probe/Sensor,Dissolved oxygen (DO),,,9.9,mg/L,Actual,,,,,,,,,,,,,,
2022 water quality data collected for CIMP197,20,CIMP2021-9,67.41433611,-133.9219889,WGS84,,,,,Lake/Pond,Sample-Routine,Surface Water,2021-08-13,,,,,,Water Bottle,Organic carbon,,Dissolved,28.9,mg/L,Actual,,,,,,,TEL.033,PROPRIETARY,,,,,Taiga Labs,
2022 water quality data collected for CIMP197,20,CIMP2021-9,67.41433611,-133.9219889,WGS84,,,,,Lake/Pond,Field Msr/Obs,Surface Water,2021-08-13,,,,,,Probe/Sensor,pH,,,7.73,None,Actual,,,,,,,,,,,,,,
2022 water quality data collected for CIMP197,20,CIMP2021-9,67.41433611,-133.9219889,WGS84,,,,,Lake/Pond,Field Msr/Obs,Surface Water,2021-08-13,,,,,,Probe/Sensor,"Temperature, water",,,14.21,deg C,Actual,,,,,,,,,,,,,,
2022 water quality data collected for CIMP197,20,CIMP2021-9,67.41433611,-133.9219889,WGS84,,,,,Lake/Pond,Field Msr/Obs,Surface Water,2021-08-13,,,,,,Probe/Sensor,Turbidity,,,0.3,NTU,Actual,,,,,,,,,,,,,,
